{
    "CLI_package_name": "certora-cli",
    "CLI_version": "8.6.1",
    "branch": "main",
    "certora_ci_client": null,
    "conf": {
        "files": [
            "./src/SablierFlow.sol"
        ],
        "java_args": [
            "-Xmx8G"
        ],
        "loop_iter": 6,
        "msg": "Smoke test for SablierFlow",
        "multi_assert_check": true,
        "optimistic_loop": true,
        "prover_args": [
            "-enableStorageAnalysis true",
            "-backendStrategy singlerace"
        ],
        "rule_sanity": "basic",
        "smt_timeout": 600,
        "solc": "/home/dok/.svm/0.8.29/solc-0.8.29",
        "verify": "SablierFlow:./certora/spec/flow.spec"
    },
    "conf_path": "certora.conf",
    "cwd_relative": ".",
    "default_solc_version": null,
    "dirty": true,
    "group_id": null,
    "jar_flag_info": [
        "-autoDispatcher,auto_dispatcher,boolean",
        "-bytecode,bytecode_jsons,list",
        "-spec,bytecode_spec,string",
        "-globalTimeout,cloud_global_timeout,string",
        "-coinbaseFeaturesMode,coinbase_mode,boolean",
        "-contractRecursionLimit,contract_recursion_limit,string",
        "-coverageInfo,coverage_info,string",
        "-dynamicCreationBound,dynamic_bound,string",
        "-dispatchOnCreated,dynamic_dispatch,boolean",
        "-enforceRequireReasonInCVL,enforce_require_reason,boolean",
        "-excludeMethod,exclude_method,list",
        "-excludeRule,exclude_rule,list",
        "-foundry,foundry_tests_mode,boolean",
        "-userGlobalTimeout,global_timeout,string",
        "-hashingLengthBound,hashing_length_bound,string",
        "-includeEmptyFallback,include_empty_fallback,boolean",
        "-independentSatisfies,independent_satisfy,boolean",
        "-b,loop_iter,string",
        "-maxConcurrentRules,max_concurrent_rules,string",
        "-graphDrawLimit,max_graph_depth,string",
        "-method,method,list",
        "-multiAssertCheck,multi_assert_check,boolean",
        "-multipleCEX,multi_example,string",
        "-autoNondetDifficultInternalFuncs,nondet_difficult_funcs,boolean",
        "-autoNondetMinimalDifficulty,nondet_minimal_difficulty,string",
        "-noCalltraceStorageInformation,no_calltrace_storage_information,boolean",
        "-optimisticContractRecursion,optimistic_contract_recursion,boolean",
        "-optimisticFallback,optimistic_fallback,boolean",
        "-optimisticUnboundedHashing,optimistic_hashing,boolean",
        "-assumeUnwindCond,optimistic_loop,boolean",
        "-optimisticSummaryRecursion,optimistic_summary_recursion,boolean",
        "-contract,parametric_contracts,list",
        "-smt_preciseBitwiseOps,precise_bitwise_ops,boolean",
        "-resourceFiles,prover_resource_files,list",
        "-boundedModelChecking,range,string",
        "-rangerExcludeMethod,ranger_exclude_method,list",
        "-boundedModelCheckingFailureLimit,ranger_failure_limit,string",
        "-rangerMethod,ranger_include_method,list",
        "-rule,rule,list",
        "-ruleSanityChecks,rule_sanity,string",
        "-safeCastingBuiltin,safe_casting_builtin,boolean",
        "-saveVerifierResults,save_verifier_results,boolean",
        "-ciMode,short_output,boolean",
        "-t,smt_timeout,string",
        "-smt_useBV,smt_use_bv,boolean",
        "-summaryRecursionLimit,summary_recursion_limit,string",
        "-json,tool_output,string",
        "-unusedSummaryHardFail,unused_summary_hard_fail,string",
        "-usePerRuleCache,use_per_rule_cache,string"
    ],
    "java_version": "21.0.9",
    "main_spec": "./certora/spec/flow.spec",
    "origin": "https://github.com/sablier-labs/flow.git",
    "python_version": "3.12.3",
    "raw_args": [
        "/home/dok/.local/bin/certoraRun",
        "certora.conf",
        "--msg",
        "Smoke test for SablierFlow",
        "--rule_sanity",
        "basic"
    ],
    "revision": "54bdeb7301adf603e27543df71fe9330acd0944f",
    "timestamp": "1766681195.455577"
}